evaluator,n_particles,max_iter,w,c1,c2,seed,best_value,total_time,eval_time,update_time,overhead,auc,convergence_iter
sequential,100,500,0.4,1.0,1.0,42,2.413179103819254e-30,0.220619,0.186764,0.011043,0.022812,23.916109,32
sequential,100,500,0.4,1.0,1.0,99,2.4942592066306652e-30,0.194124,0.171712,0.011412,0.011,105.635345,31
sequential,100,500,0.4,1.0,1.0,123,1.870556367564686e-29,0.183687,0.160629,0.012688,0.01037,16.155143,30
sequential,100,500,0.4,1.0,1.0,456,1.7607931355949502e-30,0.291558,0.267496,0.015418,0.008644,15.927537,32
sequential,100,500,0.4,1.0,1.0,789,2.371125408282578e-29,0.165816,0.14915,0.009043,0.007623,14.08937,31
sequential,100,500,0.4,1.0,1.49445,42,1.5217782536035713e-25,0.168796,0.150654,0.00686,0.011282,11.572601,27
sequential,100,500,0.4,1.0,1.49445,99,3.3912184130467025e-28,0.135993,0.122278,0.007328,0.006388,123.403859,34
sequential,100,500,0.4,1.0,1.49445,123,7.288318991382134e-28,0.117442,0.105251,0.006472,0.005718,23.185572,35
sequential,100,500,0.4,1.0,1.49445,456,4.062702924501792e-27,0.19946,0.146629,0.030013,0.022817,9.771218,32
sequential,100,500,0.4,1.0,1.49445,789,4.6169153629710385e-27,0.189938,0.16507,0.017151,0.007717,23.057988,34
sequential,100,500,0.4,1.0,2.0,42,1.6563191027036405e-25,0.172779,0.157934,0.007926,0.006919,26.738921,37
sequential,100,500,0.4,1.0,2.0,99,1.1802422773836524e-25,0.185581,0.170001,0.00879,0.006791,103.149405,35
sequential,100,500,0.4,1.0,2.0,123,4.054208911291853e-23,0.119464,0.106553,0.007014,0.005897,24.625352,28
sequential,100,500,0.4,1.0,2.0,456,3.0663838719120956e-25,0.198963,0.179718,0.011837,0.007408,13.509147,38
sequential,100,500,0.4,1.0,2.0,789,5.7423014407622756e-24,0.399498,0.356924,0.022364,0.020211,33.54866,28
sequential,100,500,0.4,1.49445,1.0,42,2.2071934585828423e-28,0.161912,0.146012,0.008521,0.007378,23.958627,35
sequential,100,500,0.4,1.49445,1.0,99,7.430647278233887e-29,0.115211,0.102281,0.006961,0.005969,105.405171,32
sequential,100,500,0.4,1.49445,1.0,123,1.4562737365977056e-27,0.115991,0.10344,0.006727,0.005824,17.96187,31
sequential,100,500,0.4,1.49445,1.0,456,8.967944533424324e-29,0.126241,0.112754,0.007206,0.006281,17.473271,34
sequential,100,500,0.4,1.49445,1.0,789,1.3003929982700308e-28,0.119367,0.106841,0.006587,0.00594,14.40256,31
sequential,100,500,0.4,1.49445,1.49445,42,3.482982959590763e-27,0.177651,0.158279,0.00893,0.010442,15.009478,37
sequential,100,500,0.4,1.49445,1.49445,99,6.244484046269816e-26,0.382844,0.341133,0.032479,0.009232,122.739598,38
sequential,100,500,0.4,1.49445,1.49445,123,3.7197696713345964e-26,0.184093,0.150635,0.019237,0.014221,20.238167,34
sequential,100,500,0.4,1.49445,1.49445,456,1.413052158025595e-26,0.239644,0.204222,0.022121,0.013301,11.837351,38
sequential,100,500,0.4,1.49445,1.49445,789,9.030883039364773e-28,0.226787,0.199714,0.017697,0.009376,22.128017,38
sequential,100,500,0.4,1.49445,2.0,42,6.777385540854901e-24,0.182327,0.132274,0.013698,0.036354,26.858471,40
sequential,100,500,0.4,1.49445,2.0,99,6.689182828891313e-24,0.179834,0.158562,0.010373,0.0109,102.902032,40
sequential,100,500,0.4,1.49445,2.0,123,8.805068686786002e-23,0.246988,0.218735,0.018362,0.009892,26.767467,37
sequential,100,500,0.4,1.49445,2.0,456,1.8020574288010719e-22,0.113362,0.100552,0.006781,0.006029,17.625686,36
sequential,100,500,0.4,1.49445,2.0,789,9.805050567226419e-24,0.114772,0.101552,0.007193,0.006027,35.806898,37
sequential,100,500,0.4,2.0,1.0,42,1.4452961641536388e-26,0.136825,0.112629,0.016004,0.008192,23.798925,33
sequential,100,500,0.4,2.0,1.0,99,4.310677310609964e-28,0.130171,0.104152,0.010018,0.016001,105.555825,35
sequential,100,500,0.4,2.0,1.0,123,7.46968152544934e-27,0.119146,0.10447,0.007515,0.007161,17.56746,33
sequential,100,500,0.4,2.0,1.0,456,6.001776521907055e-26,0.13281,0.115781,0.009823,0.007207,17.868156,35
sequential,100,500,0.4,2.0,1.0,789,6.314866585467924e-27,0.133811,0.117779,0.008924,0.007108,15.379079,38
sequential,100,500,0.4,2.0,1.49445,42,2.7676592922205322e-24,0.129189,0.113833,0.008715,0.006642,15.336056,36
sequential,100,500,0.4,2.0,1.49445,99,1.42332133190544e-23,0.207835,0.142723,0.055311,0.009801,123.284247,38
sequential,100,500,0.4,2.0,1.49445,123,2.315803482848885e-25,0.231492,0.209497,0.011447,0.010549,22.571241,39
sequential,100,500,0.4,2.0,1.49445,456,1.4660298668471084e-23,0.236173,0.209354,0.013728,0.013091,9.478558,37
sequential,100,500,0.4,2.0,1.49445,789,8.660774607082015e-25,0.152247,0.137256,0.007917,0.007075,23.10274,42
sequential,100,500,0.4,2.0,2.0,42,6.731354744861091e-20,0.147794,0.132525,0.008414,0.006854,24.370278,43
sequential,100,500,0.4,2.0,2.0,99,7.335181830505226e-24,0.164793,0.14496,0.011062,0.008771,103.186935,54
sequential,100,500,0.4,2.0,2.0,123,3.560010754970009e-21,0.23392,0.179408,0.044245,0.010267,28.730783,47
sequential,100,500,0.4,2.0,2.0,456,1.6138506289360491e-21,0.129874,0.116471,0.007212,0.006191,15.693939,47
sequential,100,500,0.4,2.0,2.0,789,4.294066178812571e-22,0.252687,0.204843,0.033569,0.014276,32.146386,46
sequential,100,500,0.719,1.0,1.0,42,1.5538212767907296e-16,0.173422,0.15172,0.012079,0.009623,44.895519,8
sequential,100,500,0.719,1.0,1.0,99,6.25079751011529e-17,0.163778,0.144616,0.010777,0.008385,115.946887,76
sequential,100,500,0.719,1.0,1.0,123,3.4979166903340253e-16,0.323695,0.29704,0.013,0.013655,28.891578,64
sequential,100,500,0.719,1.0,1.0,456,1.439465420474034e-19,0.202107,0.176897,0.016142,0.009067,29.42282,47
sequential,100,500,0.719,1.0,1.0,789,1.360501724820897e-16,0.15464,0.136981,0.00983,0.007829,16.812595,20
sequential,100,500,0.719,1.0,1.49445,42,4.823276440933957e-16,0.184315,0.162698,0.012061,0.009556,24.34865,64
sequential,100,500,0.719,1.0,1.49445,99,6.031803168977585e-17,0.17354,0.1524,0.012123,0.009017,111.501905,23
sequential,100,500,0.719,1.0,1.49445,123,1.4816729923174056e-15,0.17533,0.154451,0.011433,0.009446,30.403803,62
sequential,100,500,0.719,1.0,1.49445,456,8.857381736706988e-19,0.275326,0.250231,0.014122,0.010973,17.631129,63
sequential,100,500,0.719,1.0,1.49445,789,6.197608410964605e-16,0.306397,0.276553,0.017869,0.011976,19.534061,66
sequential,100,500,0.719,1.0,2.0,42,1.945462559336467e-15,0.213563,0.188668,0.013547,0.011349,49.279657,36
sequential,100,500,0.719,1.0,2.0,99,2.4420837497634904e-16,0.216808,0.19063,0.014411,0.011767,122.938301,5
sequential,100,500,0.719,1.0,2.0,123,2.7794162266630286e-16,0.316517,0.286571,0.016169,0.013778,51.778813,66
sequential,100,500,0.719,1.0,2.0,456,3.3221128724802285e-15,0.302709,0.279322,0.01321,0.010178,9.777755,7
sequential,100,500,0.719,1.0,2.0,789,3.1528666119028713e-16,0.420527,0.366524,0.032731,0.021273,15.648251,4
sequential,100,500,0.719,1.49445,1.0,42,2.7580806867085935e-16,0.494601,0.419848,0.041193,0.033561,48.991877,84
sequential,100,500,0.719,1.49445,1.0,99,2.472762349870386e-20,0.641812,0.555663,0.039846,0.046302,112.90464,17
sequential,100,500,0.719,1.49445,1.0,123,2.1110305726440644e-17,0.330504,0.266627,0.030729,0.033148,43.561067,7
sequential,100,500,0.719,1.49445,1.0,456,1.1245151344848402e-15,0.12911,0.111112,0.009775,0.008223,27.046961,76
sequential,100,500,0.719,1.49445,1.0,789,4.842146844894242e-16,0.131444,0.116293,0.008495,0.006655,17.729014,59
sequential,100,500,0.719,1.49445,1.49445,42,1.4429146799541336e-15,0.121986,0.107206,0.007868,0.006912,21.598102,25
sequential,100,500,0.719,1.49445,1.49445,99,1.3394380572547422e-15,0.157236,0.13995,0.009884,0.007403,95.955602,22
sequential,100,500,0.719,1.49445,1.49445,123,3.2848357741508787e-15,0.355185,0.292123,0.041346,0.021716,39.1427,19
sequential,100,500,0.719,1.49445,1.49445,456,8.481429652847938e-17,0.217502,0.193084,0.013691,0.010726,14.652127,38
sequential,100,500,0.719,1.49445,1.49445,789,1.7163550077108535e-15,0.248161,0.22163,0.015338,0.011193,21.667203,98
sequential,100,500,0.719,1.49445,2.0,42,2.3320696885659345e-16,0.296831,0.269561,0.01574,0.01153,73.90016,87
sequential,100,500,0.719,1.49445,2.0,99,2.5194011367964045e-14,0.306707,0.274441,0.017705,0.014561,114.195571,21
sequential,100,500,0.719,1.49445,2.0,123,3.6538666040656465e-15,0.39546,0.353232,0.028833,0.013395,44.89994,6
sequential,100,500,0.719,1.49445,2.0,456,1.30803909307617e-13,0.928696,0.818632,0.052711,0.057353,48.279773,57
sequential,100,500,0.719,1.49445,2.0,789,1.6797921789957242e-14,0.373885,0.315119,0.03472,0.024046,25.183882,33
sequential,100,500,0.719,2.0,1.0,42,4.2393472727225684e-17,0.532639,0.47257,0.039549,0.02052,31.798441,6
sequential,100,500,0.719,2.0,1.0,99,1.4607378714364923e-14,0.536251,0.465563,0.03236,0.038327,110.09448,93
sequential,100,500,0.719,2.0,1.0,123,1.1774814401577129e-16,0.580722,0.482783,0.054687,0.043252,35.802574,101
sequential,100,500,0.719,2.0,1.0,456,4.86417708513023e-16,0.477536,0.409485,0.04601,0.022041,33.153613,79
sequential,100,500,0.719,2.0,1.0,789,3.220960305122443e-14,0.585617,0.534736,0.034408,0.016472,18.253946,3
sequential,100,500,0.719,2.0,1.49445,42,1.6011952631121241e-12,0.834407,0.714137,0.063895,0.056375,18.248151,29
sequential,100,500,0.719,2.0,1.49445,99,1.3956996268663203e-13,0.642665,0.563358,0.039553,0.039754,107.457366,97
sequential,100,500,0.719,2.0,1.49445,123,7.479562013910631e-16,1.117297,0.871948,0.166921,0.078428,34.71907,11
sequential,100,500,0.719,2.0,1.49445,456,1.6880391403182772e-15,0.372776,0.275176,0.077156,0.020444,11.72289,7
sequential,100,500,0.719,2.0,1.49445,789,1.499533828408725e-15,0.179159,0.156214,0.012523,0.010422,22.016208,35
sequential,100,500,0.719,2.0,2.0,42,2.5164023455758745e-14,0.828551,0.705414,0.083206,0.03993,42.403985,11
sequential,100,500,0.719,2.0,2.0,99,1.7025014862605176e-13,1.205444,1.008187,0.072432,0.124825,132.192351,89
sequential,100,500,0.719,2.0,2.0,123,2.3462480775226473e-12,0.866664,0.77108,0.060927,0.034657,112.722431,46
sequential,100,500,0.719,2.0,2.0,456,1.1523934115386746e-14,0.440788,0.408387,0.018254,0.014147,47.665807,11
sequential,100,500,0.719,2.0,2.0,789,3.8701241321918595e-13,0.670454,0.617124,0.033735,0.019595,23.313769,8
sequential,100,500,0.9,1.0,1.0,42,6.1819715241134184e-06,0.553421,0.467632,0.069106,0.016684,74.67543,16
sequential,100,500,0.9,1.0,1.0,99,7.830248547991894e-08,0.637055,0.540119,0.05218,0.044756,147.827818,9
sequential,100,500,0.9,1.0,1.0,123,5.648491610050975e-13,0.788883,0.714018,0.041946,0.032919,58.253893,45
sequential,100,500,0.9,1.0,1.0,456,1.2334545431440404e-11,0.565805,0.488026,0.047469,0.03031,71.196681,23
sequential,100,500,0.9,1.0,1.0,789,5.324722022499509e-10,0.395094,0.351634,0.026208,0.017252,24.040191,9
sequential,100,500,0.9,1.0,1.49445,42,2.2298575190856034e-05,0.366738,0.328528,0.0235,0.01471,18.749612,3
sequential,100,500,0.9,1.0,1.49445,99,1.699072906615702e-05,0.371376,0.332469,0.022051,0.016857,130.521498,4
sequential,100,500,0.9,1.0,1.49445,123,1.995841870142033e-08,0.57019,0.501709,0.042293,0.026188,46.235696,28
sequential,100,500,0.9,1.0,1.49445,456,0.00019760231048060911,0.250742,0.222987,0.015892,0.011863,26.837774,9
sequential,100,500,0.9,1.0,1.49445,789,6.810034544265593e-10,0.759045,0.677193,0.047293,0.034559,17.179131,11
sequential,100,500,0.9,1.0,2.0,42,0.11765181551178189,0.116112,0.100779,0.010333,0.005,55.401373,15
sequential,100,500,0.9,1.0,2.0,99,0.026028604707847146,0.13498,0.11837,0.010611,0.005999,226.695148,29
sequential,100,500,0.9,1.0,2.0,123,0.000503304109568921,0.43629,0.383968,0.034753,0.01757,110.373648,11
sequential,100,500,0.9,1.0,2.0,456,0.13168916615133966,0.153637,0.139924,0.007178,0.006535,17.068642,14
sequential,100,500,0.9,1.0,2.0,789,0.022525303115632306,0.245733,0.217758,0.01062,0.017355,28.575017,6
sequential,100,500,0.9,1.49445,1.0,42,0.0006388984744604654,0.274228,0.249058,0.015397,0.009773,70.102826,24
sequential,100,500,0.9,1.49445,1.0,99,1.2692101842717776e-05,0.569209,0.456585,0.057865,0.054759,143.706949,14
sequential,100,500,0.9,1.49445,1.0,123,1.3759513930872448e-05,0.326603,0.304935,0.012123,0.009545,54.306351,42
sequential,100,500,0.9,1.49445,1.0,456,5.7906877795385925e-09,0.498275,0.443974,0.031739,0.022562,26.948988,11
sequential,100,500,0.9,1.49445,1.0,789,2.3372127111685943e-05,0.590845,0.488422,0.03033,0.072093,18.87146,4
sequential,100,500,0.9,1.49445,1.49445,42,0.0041369929373095,0.311575,0.282344,0.016879,0.012352,14.059357,8
sequential,100,500,0.9,1.49445,1.49445,99,0.010902653492971218,0.224709,0.201225,0.016731,0.006753,126.633791,5
sequential,100,500,0.9,1.49445,1.49445,123,0.000394585192988007,0.249273,0.223655,0.01504,0.010578,40.453581,11
sequential,100,500,0.9,1.49445,1.49445,456,0.0033087828825490322,0.230282,0.207183,0.013301,0.009798,42.291082,23
sequential,100,500,0.9,1.49445,1.49445,789,5.691362924776856e-05,0.158919,0.142586,0.009362,0.006971,17.913906,2
sequential,100,500,0.9,1.49445,2.0,42,0.015564755239685327,0.165949,0.148773,0.009626,0.007551,79.043056,20
sequential,100,500,0.9,1.49445,2.0,99,0.28181017598954505,0.152721,0.13944,0.00765,0.005631,180.337324,12
sequential,100,500,0.9,1.49445,2.0,123,0.01559179710990686,0.367463,0.32072,0.024186,0.022557,182.59412,24
sequential,100,500,0.9,1.49445,2.0,456,0.029139587027235944,0.482071,0.426265,0.034921,0.020885,40.982899,2
sequential,100,500,0.9,1.49445,2.0,789,0.012712172201853496,0.309107,0.261355,0.010627,0.037125,20.86561,8
sequential,100,500,0.9,2.0,1.0,42,0.009216585932104216,0.339116,0.296361,0.028379,0.014376,45.444097,25
sequential,100,500,0.9,2.0,1.0,99,0.0029224356490555633,0.58009,0.484993,0.065927,0.02917,148.803895,15
sequential,100,500,0.9,2.0,1.0,123,0.0045122522379732275,0.701089,0.566709,0.109432,0.024948,67.906669,8
sequential,100,500,0.9,2.0,1.0,456,0.018958514886443237,0.292559,0.254422,0.024213,0.013925,59.135887,36
sequential,100,500,0.9,2.0,1.0,789,0.07230261969177754,0.09273,0.082543,0.005521,0.004666,31.821461,19
sequential,100,500,0.9,2.0,1.49445,42,0.0021191236544774086,0.236954,0.210372,0.015435,0.011147,22.968674,6
sequential,100,500,0.9,2.0,1.49445,99,0.0036277485128222643,0.159892,0.14161,0.010821,0.007461,207.579119,12
sequential,100,500,0.9,2.0,1.49445,123,0.0014936162697641703,0.180798,0.15881,0.01296,0.009029,53.472838,2
sequential,100,500,0.9,2.0,1.49445,456,0.05505430628181795,0.127216,0.111796,0.008762,0.006659,87.83759,4
sequential,100,500,0.9,2.0,1.49445,789,0.0006608995762494245,0.547456,0.414483,0.029014,0.103959,20.566414,2
sequential,100,500,0.9,2.0,2.0,42,0.05833982358785264,0.210713,0.189885,0.012161,0.008667,60.999915,6
sequential,100,500,0.9,2.0,2.0,99,0.05013286652043251,0.162329,0.140819,0.012266,0.009245,219.525896,27
sequential,100,500,0.9,2.0,2.0,123,0.029561760315785994,0.272804,0.252789,0.012032,0.007983,108.975634,8
sequential,100,500,0.9,2.0,2.0,456,0.013324651114684595,0.297423,0.252006,0.024558,0.020859,18.602333,2
sequential,100,500,0.9,2.0,2.0,789,0.06422131563913372,0.383122,0.323655,0.01565,0.043817,25.444462,6
